Field1,Field2,Field3
John Doe,12345,2024-09-03
Jane Smith,67890,2024-09-04
John Doe,12345,2024-09-03
Jane Smith,67890,2024-09-04
John Doe,12345,2024-09-03
Jane Smith,67890,2024-09-04
John Doe,12345,2024-09-03
Jane Smith,67890,2024-09-04
John Doe,12345,2024-09-03
Jane Smith,67890,2024-09-04
John Doe,12345,2024-09-03
Jane Smith,67890,2024-09-04
John Doe,12345,2024-09-03
Jane Smith,67890,2024-09-04
John Doe,12345,2024-09-03
Jane Smith,67890,2024-09-04
John Doe,12345,2024-09-03
Jane Smith,67890,2024-09-04
John Doe,12345,2024-09-03
Jane Smith,67890,2024-09-04
John Doe,12345,2024-09-03
Jane Smith,67890,2024-09-04
John Doe,12345,2024-09-03
Jane Smith,67890,2024-09-04
